{"Mode": 2, "R": [0.197684, 0.111008, 0.396938], "IScale": [0.3185761, 0.3503192], "VScale": [3.91088, 4.03268], "Range": 4, "AutoScale": 1}